English key (in code),English shown on screen,Amharic (current),Afaan Oromoo (draft),Your Amharic correction
Process,Process,ሂደት,Adeemsa,
TICKET OPENED,TICKET OPENED,ቲኬት ተከፍቷል,TIKEETIIN BANAME,
FOLLOW-UP,FOLLOW-UP,ክትትል,Hordoffii,
TASK,TASK,ተግባር,HOJII,
DONE,DONE,ተጠናቋል,XIYYEEFFAMEERA,
TO DO,TO DO,የሚሠራ,KAN HOJJATAMU,
SOLUTION,SOLUTION,መፍትሔ,BIFA,
DOCUMENT,DOCUMENT,ሰነድ,DOOKUMEENTII,
Mark done,Mark done,«ተጠናቋል» ብለህ ምልክት አድርግ,Xumurame jedhii mallatteessi,
Mark to do,Mark to do,«የሚሠራ» ብለህ ምልክት አድርግ,Gara kan hojjatamuutti deebisi,
Unassigned,Unassigned,ያልተመደበ,Kan hin ramadamne,
Opened,Opened,የተከፈተ,Kan banname,
open,open,ክፍት,banaa,
No tickets,No work orders,የሥራ ትዕዛዝ የለም,Ajajni hojii hin jiru,
Welcome back,Welcome back,እንኳን ደህና መጡ,Baga nagaan deebitan,
medical devices tracked,medical devices tracked,የሚከታተሉ የሕክምና መሣሪያዎች,meeshaalee fayyaa hordofaman,
assigned to you,assigned to you,ለእርስዎ የተመደቡ,kan sitti ramadaman,
Urgent,Urgent,አስቸኳይ,Ariifachiisaa,
urgent,urgent,አስቸኳይ,ariifachiisaa,
Medium,Medium,መካከለኛ,Giddugaleessa,
Low,Low,ዝቅተኛ,Gadi aanaa,
Scan QR,Scan QR,QR ስካን,QR iskaan godhi,
matches,matches,ውጤቶች,bu'aawwan,
devices,devices,መሣሪያዎች,meeshaalee,
All Types,All Types,ሁሉም ዓይነቶች,Gosa hunda,
Loading...,Loading...,በመጫን ላይ...,Fe'aa jira...,
Very low,Very low,በጣም ዝቅተኛ,Baay'ee gadi aanaa,
High,High,ከፍተኛ,Olaanaa,
Very high,Very high,በጣም ከፍተኛ,Baay'ee olaanaa,
Major,Major,ዋና,Gurguddaa,
Dashboard,Dashboard,ዳሽቦርድ,Daashboordii,
Tickets,Work orders,የሥራ ትዕዛዞች,Ajajawwan hojii,
Equipment,Equipment,መሣሪያዎች,Meeshaalee,
Profile,Profile,መገለጫ,Piroofaayilii,
MedMetric CMMS,MedMetric CMMS,ሜድሜትሪክ CMMS,MedMetric CMMS,
medMETRIC CMMS,medMETRIC CMMS,medMETRIC CMMS,medMETRIC CMMS,
Healthcare Equipment Maintenance,Healthcare Equipment Maintenance,የጤና መሣሪያዎች ጥገና,Suphaa Meeshaalee Fayyaa,
All Tickets,All work orders,ሁሉም የሥራ ትዕዛዞች,Ajajawwan hojii hunda,
Open Tickets,Open work orders,ክፍት የሥራ ትዕዛዞች,Ajajawwan hojii banaa,
Recent Tickets,Recent work orders,የቅርብ ጊዜ የሥራ ትዕዛዞች,Ajajawwan hojii dhiyoo,
New Ticket,New work order,አዲስ የሥራ ትዕዛዝ,Ajaja hojii haaraa,
See all →,See all →,ሁሉንም ይመልከቱ →,Hunda ilaali →,
New,New,አዲስ,Haaraa,
Assigned,Assigned,የተመደበ,Ramadame,
Planned,Scheduled,የታቀደ,Karoorfame,
Pending,On hold,ተይዟል,Eegame,
Solved,Completed,ተጠናቋል,Xumurame,
Closed,Closed,የተዘጋ,Cufame,
All,All,ሁሉም,Hunda,
In progress,In progress,በሂደት ላይ,Adeemsa irra,
Waiting,On hold,ተይዟል,Eegame,
Tasks,Work tasks,ተግባራት,Hojiiwwan,
No tasks yet,No tasks yet,እስካሁን ተግባር የለም,Hojiin ammaaf hin jiru,
Add task,Add task,ተግባር ጨምር,Hojii dabali,
Update status,Update status,ሁኔታ አዘምን,Haala haaromsi,
Linked assets,Equipment,መሣሪያዎች,Meeshaalee,
None linked,None linked,ምንም የተያያዘ የለም,Kan hidhame hin jiru,
Replaced parts,Spare parts used,የተተኩ ክፍሎች,Kutaalee bakka buufaman,
Used tools,Used tools,ጥቅም ላይ የዋሉ መሣሪያዎች,Meeshaalee fayyadaman,
Scan QR code,Scan QR code,QR ኮድ ስካን አድርግ,Koodii QR iskaan godhi,
Attachments,Attachments,አባሪዎች,Maxxansaalee,
No files or screenshots yet,No files or screenshots yet,እስካሁን ፋይል ወይም ምስል የለም,Faayilii ykn suuraan ammaaf hin jiru,
Add photo or file,Add photo or file,ፎቶ ወይም ፋይል ጨምር,Suuraa ykn faayilii dabali,
Solution,Repair / resolution,መፍትሔ,Furmaata,
No solution recorded,No repair report yet,ምንም መፍትሔ አልተመዘገበም,Furmaanni hin galmaa'in,
Post solution,Post repair report,መፍትሔ ላክ,Furmaata ergi,
Requester approval,Requester sign-off,የጠያቂው ማጽደቅ,Mirkaneessa kan gaafatee,
Approve solution & close,Approve repair & close,መፍትሔውን አጽድቅ እና ዝጋ,Furmaata mirkaneessiitii cufi,
Request more work,Reopen / more work needed,ተጨማሪ ሥራ ጠይቅ,Hojii dabalataa gaafadhu,
Satisfaction survey,Satisfaction survey,የእርካታ መጠይቅ,Gaaffii quufinsaa,
Rate the service after approval (1–5),Rate the service after approval (1–5),ከማጽደቅ በኋላ አገልግሎቱን ይገምግሙ (1–5),Mirkaneessa booda tajaajila madaali (1–5),
Submit satisfaction,Submit satisfaction,ግምገማ ላክ,Madaallii ergi,
Follow-ups,Follow-ups,ክትትሎች,Hordoffiiwwan,
No follow-ups,No follow-ups,ክትትል የለም,Hordoffiin hin jiru,
Add field note,Add work note,የመስክ ማስታወሻ ጨምር,Yaada bakka hojiitti dabali,
Post note,Post note,ማስታወሻ ላክ,Yaada ergi,
Reports,Reports,ሪፖርቶች,Gabaasawwan,
Export PDF,Export PDF,PDF አውጣ,PDF baasi,
View report,View report,ሪፖርት ይመልከቱ,Gabaasa ilaali,
Assign to me,Assign to me,ለእኔ መድብ,Naaf ramadi,
Take photo,Take photo,ፎቶ አንሳ,Suuraa kaasi,
Use template,Use template,አብነት ተጠቀም,Foormaa fayyadami,
Title,Title,ርዕስ,Mata duree,
Linked asset (item),Equipment,መሣሪያ,Meeshaa,
Select asset,Select equipment,መሣሪያ ምረጥ,Meeshaa filadhu,
Clear selection,Clear selection,ምርጫን አጽዳ,Filannoo haqi,
Details,Details,ዝርዝር,Bal'ina,
Priority (1–5),Priority (1–5),ቅድሚያ (1–5),Dursa (1–5),
Machine status,Equipment status,የመሣሪያ ሁኔታ,Haala meeshaa,
Down,Out of service,አገልግሎት የማይሰጥ,Tajaajila hin kennu,
Active,In service,አገልግሎት ላይ,Tajaajila irra,
Create ticket,Create work order,የሥራ ትዕዛዝ ፍጠር,Ajaja hojii uumi,
Short description of the issue,Short description of the issue,የችግሩ አጭር መግለጫ,Ibsa gabaabaa rakkoo,
What happened?,What happened?,ምን ሆነ?,Maaltu ta'e?,
"Search SN, location, name…","Search SN, location, name…",መለያ ቁጥር፣ ቦታ ወይም ስም ፈልግ…,"Lakkoofsa, bakka ykn maqaa barbaadi…",
Search by ticket # or title,Search by work order # or title,በሥራ ትዕዛዝ ቁጥር ወይም ርዕስ ፈልግ,Lakk. ajaja hojii ykn mata dureedhaan barbaadi,
Equipment type,Equipment type,የመሣሪያ ዓይነት,Gosa meeshaa,
Choose a category to filter the list,Choose a category to filter the list,ዝርዝሩን ለማጣራት ምድብ ይምረጡ,Tarree calleessuuf gosa filadhu,
Close,Close,ዝጋ,Cufi,
Retry,Retry,እንደገና ሞክር,Irra deebi'ii yaali,
TYPE,TYPE,ዓይነት,GOSA,
"Search name, serial, or location","Search name, serial, or location",ስም፣ መለያ ቁጥር ወይም ቦታ ፈልግ,"Maqaa, lakkoofsa ykn bakka barbaadi",
Clinical engineering · sign in,Clinical engineering · sign in,ክሊኒካል ኢንጂነሪንግ · ግባ,Injinariingii kilinikaa · seeni,
Username,Username,የተጠቃሚ ስም,Maqaa fayyadamaa,
Password,Password,የይለፍ ቃል,Jecha darbaa,
Sign In,Sign In,ግባ,Seeni,
Change server / App-Token,Change server / App-Token,ሰርቨር / App-Token ቀይር,Sarvarii / App-Token jijjiiri,
SYSTEM STATUS,SYSTEM STATUS,የሲስተም ሁኔታ,HAALA SISTEEMAA,
APPEARANCE,APPEARANCE,መልክ,BAROOMAA,
ACCOUNT,ACCOUNT,መለያ,AKAWUNTII,
NOTIFICATIONS,NOTIFICATIONS,ማሳወቂያዎች,beeksisawwan,
SYNC & DATA,SYNC & DATA,ማመሳሰል እና ዳታ,WALIIGALUU FI DAATAA,
DIAGNOSTICS,DIAGNOSTICS,ምርመራ,QORANNOO,
ORGANIZATION,ORGANIZATION,ድርጅት,ADDAA,
LANGUAGE,LANGUAGE,ቋንቋ,AFAAN,
Theme,Theme,ገጽታ,Bocni,
Language,Language,ቋንቋ,Afaan,
Product,Product,ምርት,Oomisha,
Developer,Developer,አልሚ,Misooma kan hojjate,
Server,Server,ሰርቨር,Sarvarii,
Status,Status,ሁኔታ,Haala,
Company,Company,ኩባንያ,Dhaabbata,
CMMS user,CMMS user,የCMMS ተጠቃሚ,Fayyadamaa CMMS,
Update password →,Update password →,የይለፍ ቃል ቀይር →,Jecha darbaa haaromsi →,
New password,New password,አዲስ የይለፍ ቃል,Jecha darbaa haaraa,
Confirm new password,Confirm new password,አዲሱን የይለፍ ቃል አረጋግጥ,Jecha darbaa haaraa mirkaneessi,
Sign out,Sign out,ውጣ,Ba'i,
Change server (reset),Change server (reset),ሰርቨር ቀይር (ዳግም አስጀምር),Sarvarii jijjiiri (deebisi),
Auto-refresh ticket list,Auto-refresh work orders,የሥራ ትዕዛዞችን በራስ-ሰር አድስ,Ajajawwan hojii ofumaan haaromsi,
Updates while the Tickets screen is open,Updates while the Work orders screen is open,የሥራ ትዕዛዞች ገጽ ክፍት ሲሆን ይዘምናል,Gabateen ajajawwan hojii banamee utuu jiruu haaromsa,
Refresh every,Refresh every,በየ… አድስ,Yeroo hunda haaromsi,
Tickets per page,Work orders per page,በአንድ ገጽ የሥራ ትዕዛዞች,Ajajawwan hojii fuula tokkoo,
Photo upload quality,Photo upload quality,የፎቶ ጥራት,Qulqullina suuraa ol-fe'uu,
Notes waiting to send,Notes waiting to send,ለመላክ የሚጠብቁ ማስታወሻዎች,Yaadonni erguuf eegaa jiran,
Discard waiting notes,Discard waiting notes,የሚጠብቁ ማስታወሻዎችን ሰርዝ,Yaada eegaa jiru haqi,
Connection (tap to test),Connection (tap to test),ግንኙነት (ለመፈተሽ ነካ ያድርጉ),Walqunnamtii (qoruuf tuqi),
My access rights,My access rights,የእኔ የመዳረሻ መብቶች,Mirga ani qabu,
Export request log,Export request log,የጥያቄ ምዝግብ አውጣ,Galmee gaaffii baasi,
Try again,Try again,እንደገና ይሞክሩ,Irra deebi'ii yaali,
One-time server setup,One-time server setup,የአንድ ጊዜ ሰርቨር ማዋቀር,Qopheessa sarvarii al tokko,
Server URL,Server URL,የሰርቨር URL,Teessoo sarvarii,
Save & continue,Save & continue,አስቀምጥ እና ቀጥል,Olkaa'iitii itti fufi,
Stock plugin not available — showing the plain server catalogue (stock counts may differ).,Stock plugin not available — showing the plain server catalogue (stock counts may differ).,የስቶክ ፕለጊን አይገኝም — የሰርቨሩ ካታሎግ ብቻ ይታያል (የስቶክ ብዛት ሊለያይ ይችላል)።,Pilaginiin kuusaa hin argamu — tarree sarvarii qofa agarsiisa (lakkoofsi kuusaa adda ta'uu danda'a).,
Error,Error,ስህተት,Dogoggora,
Saved,Saved,ተቀምጧል,Olkaa'ameera,
Note posted.,Note posted.,ማስታወሻ ተልኳል።,Yaadni ergameera.,
Could not post note,Could not post note,ማስታወሻ መላክ አልተቻለም,Yaada erguu hin dandeenye,
Updated,Updated,ተዘምኗል,Haaromfameera,
Stock,Stock,ስቶክ,Kuusaa,
Only {n} in stock for {name},Only {n} in stock for {name},ለ{name} በስቶክ ውስጥ {n} ብቻ አለ,{name} kuusaa keessa {n} qofa jira,
Could not record replaced part,Could not record replaced part,የተተካውን ክፍል መመዝገብ አልተቻለም,Kutaa bakka buufame galmeessuu hin dandeenye,
Tool,Tool,መሣሪያ,Meeshaa,
Check-out failed,Check-out failed,ማውጣት አልተሳካም,Baasuun hin milkoofne,
Return failed,Return failed,መመለስ አልተሳካም,Deebisuun hin milkoofne,
You are now assigned to this ticket.,You are now assigned to this work order.,አሁን ለዚህ የሥራ ትዕዛዝ ተመድበዋል።,Amma ajaja hojii kanaaf ramadamtaniirtu.,
Required,Required,ያስፈልጋል,Barbaachisaa,
Enter task text or pick a template,Enter task text or pick a template,የተግባር ጽሑፍ ያስገቡ ወይም አብነት ይምረጡ,Barreeffama hojii galchi ykn foormaa filadhu,
Task added,Task added,ተግባር ተጨምሯል,Hojiin dabalameera,
Task recorded on the ticket.,Task recorded on the work order.,ተግባሩ በሥራ ትዕዛዙ ላይ ተመዝግቧል።,Hojiin ajaja hojii irratti galmaa'eera.,
Enter solution text or pick a template,Enter solution text or pick a template,የመፍትሔ ጽሑፍ ያስገቡ ወይም አብነት ይምረጡ,Barreeffama furmaataa galchi ykn foormaa filadhu,
Solution posted,Solution posted,መፍትሔ ተልኳል,Furmaanni ergameera,
Ticket may move to Solved.,Work order may move to Completed.,የሥራ ትዕዛዙ ወደ «ተጠናቋል» ሊሸጋገር ይችላል።,Ajajni hojii gara 'Xumurame' darbuu danda'a.,
Cannot approve here,Cannot approve here,እዚህ ማጽደቅ አይቻልም,Asitti mirkaneessuun hin danda'amu,
Ticket set to Pending.,Work order set to On hold.,የሥራ ትዕዛዙ ወደ «ተይዟል» ተቀይሯል።,Ajajni hojii gara 'Eegame' deebi'eera.,
Cannot update here,Cannot update here,እዚህ ማዘመን አይቻልም,Asitti haaromsuun hin danda'amu,
Rating,Rating,ደረጃ,Madaallii,
Please select 1 to 5 stars.,Please select 1 to 5 stars.,እባክዎ ከ1 እስከ 5 ኮከብ ይምረጡ።,Maaloo urjii 1 hanga 5 filadhu.,
Thank you,Thank you,አመሰግናለሁ,Galatoomaa,
Your satisfaction feedback was saved.,Your satisfaction feedback was saved.,የእርካታ አስተያየትዎ ተቀምጧል።,Yaadni quufinsa keessanii olkaa'ameera.,
Upload failed,Upload failed,መስቀል አልተሳካም,Ol-fe'uun hin milkoofne,
Uploaded,Uploaded,ተሰቅሏል,Ol-fe'ameera,
Attachment added to the ticket.,Attachment added to the work order.,አባሪው ወደ የሥራ ትዕዛዙ ተጨምሯል።,Maxxansaan ajaja hojiitti dabalameera.,
{n} files added to the ticket.,{n} files added to the work order.,{n} ፋይሎች ወደ የሥራ ትዕዛዙ ተጨምረዋል።,Faayiloonni {n} ajaja hojiitti dabalamaniiru.,
Permission,Permission,ፈቃድ,Hayyama,
Allow camera access to take a photo.,Allow camera access to take a photo.,ፎቶ ለማንሳት የካሜራ ፈቃድ ይስጡ።,Suuraa kaasuuf kaameraa hayyami.,
Allow photo library access to attach images.,Allow photo library access to attach images.,ምስል ለማያያዝ የፎቶ ማህደር ፈቃድ ይስጡ።,Suuraa maxxansuuf kuusaa suuraa hayyami.,
Update required,Update required,ማዘመን ያስፈልጋል,Haaromsi barbaachisa,
This build cannot upload files. Reinstall the latest app.,This build cannot upload files. Reinstall the latest app.,ይህ ስሪት ፋይል መስቀል አይችልም። የቅርብ ጊዜውን መተግበሪያ እንደገና ይጫኑ።,Gosti kun faayilii ol-fe'uu hin danda'u. Appii haaraa deebi'ii fe'i.,
Unavailable,Unavailable,አይገኝም,Hin argamu,
Asset status update is not available in this build.,Asset status update is not available in this build.,የመሣሪያ ሁኔታ ማዘመን በዚህ ስሪት አይገኝም።,Haaromsi haala meeshaa gosa kana keessatti hin jiru.,
Task description…,Task description…,የተግባር መግለጫ…,Ibsa hojii…,
Field stock,Field stock,የመስክ ስቶክ,Kuusaa bakka hojii,
Spare parts and tools used on this ticket,Spare parts and tools used on this work order,በዚህ የሥራ ትዕዛዝ ላይ ጥቅም ላይ የዋሉ መለዋወጫዎችና መሣሪያዎች,Kutaalee fi meeshaaleen ajaja hojii kana irratti fayyadaman,
Spare part,Spare part,መለዋወጫ,Kutaa bakka buusu,
In stock,In stock,በስቶክ ያለ,Kuusaa keessa,
Confirm,Confirm,አረጋግጥ,Mirkaneessi,
In use,In use,በአገልግሎት ላይ,Fayyadamaa jira,
Available,Available,ዝግጁ,Ni argama,
Return,Return,መልስ,Deebisi,
Check out,Check out,አውጣ,Baasi,
On this ticket,On this work order,በዚህ የሥራ ትዕዛዝ ላይ,Ajaja hojii kana irratti,
Select spare part,Select spare part,መለዋወጫ ምረጥ,Kutaa bakka buusu filadhu,
Search parts…,Search parts…,ክፍሎችን ፈልግ…,Kutaalee barbaadi…,
No spare parts found for this ticket,No spare parts found for this work order,ለዚህ የሥራ ትዕዛዝ መለዋወጫ አልተገኘም,Ajaja hojii kanaaf kutaan hin argamne,
No match,No match,ተዛማጅ አልተገኘም,Wal fakkaatu hin jiru,
Refresh list,Refresh list,ዝርዝሩን አድስ,Tarree haaromsi,
Select tool,Select tool,መሣሪያ ምረጥ,Meeshaa filadhu,
Search tools…,Search tools…,መሣሪያዎችን ፈልግ…,Meeshaalee barbaadi…,
No tools found. Register tools under Assets → Available Tools.,No tools found. Register tools under Assets → Available Tools.,መሣሪያ አልተገኘም። መሣሪያዎችን በ Assets → Available Tools ውስጥ ይመዝግቡ።,Meeshaan hin argamne. Meeshaalee Assets → Available Tools jalatti galmeessi.,
Tap to open / share,Tap to open / share,ለመክፈት / ለማጋራት ነካ ያድርጉ,Banuuf / qooduuf tuqi,
Uploading,Uploading,በመስቀል ላይ,Ol-fe'aa jira,
Add attachment,Add attachment,አባሪ ጨምር,Maxxansaa dabali,
Photo / screenshot,Photo / screenshot,ፎቶ / ስክሪንሾት,Suuraa / suuraa fuula,
File,File,ፋይል,Faayilii,
Cancel,Cancel,ሰርዝ,Dhiisi,
Describe the resolution…,Describe the resolution…,መፍትሔውን ይግለጹ…,Furmaata ibsi…,
Optional comment,Optional comment,አማራጭ አስተያየት,Yaada filannoo,
What did you check or fix?,What did you check or fix?,ምን አረጋገጡ ወይም ጠገኑ?,Maal mirkaneessitan ykn suphitan?,
Not found,Not found,አልተገኘም,Hin argamne,
Lookup failed,Lookup failed,ፍለጋ አልተሳካም,Barbaacha hin milkoofne,
Done,Done,ተጠናቋል,Xumurameera,
Select a warehouse,Select a warehouse,መጋዘን ይምረጡ,Mana kuusaa filadhu,
Failed,Failed,አልተሳካም,Hin milkoofne,
Camera access is needed to scan part and tool codes.,Camera access is needed to scan part and tool codes.,የክፍልና የመሣሪያ ኮዶችን ለመቃኘት የካሜራ ፈቃድ ያስፈልጋል።,Koodii kutaa fi meeshaa iskaan gochuuf kaameraan barbaachisa.,
Allow camera,Allow camera,ካሜራ ፍቀድ,Kaameraa hayyami,
Point at the shelf / tool QR,Point at the shelf / tool QR,ካሜራውን ወደ መደርደሪያው / የመሣሪያው QR ያመልክቱ,QR kuusaa / meeshaa irratti kaameraa qabi,
Or type code,Or type code,ወይም ኮዱን ይጻፉ,Ykn koodii barreessi,
e.g. BBPP or CI:4 or TOOL:3,e.g. BBPP or CI:4 or TOOL:3,ምሳሌ፦ BBPP ወይም CI:4 ወይም TOOL:3,Fknf: BBPP ykn CI:4 ykn TOOL:3,
Warehouse,Warehouse,መጋዘን,Mana kuusaa,
Quantity,Quantity,ብዛት,Hanga,
Scan again,Scan again,እንደገና ቃኝ,Irra deebi'ii iskaan godhi,
Enter a title,Enter a title,ርዕስ ያስገቡ,Mata duree galchi,
Ticket was not created,Work order was not created,የሥራ ትዕዛዝ አልተፈጠረም,Ajajni hojii hin uumamne,
No tickets linked to this machine yet.,No work orders for this equipment yet.,ለዚህ መሣሪያ የሥራ ትዕዛዝ የለም።,Meeshaa kanaaf ajajni hojii ammaaf hin jiru.,
Open / active,Open / active,ክፍት / ንቁ,Banaa / hojii irra,
Solved / closed,Completed / closed,ተጠናቋል / ተዘግቷል,Xumurame / cufame,
No open tickets. All clear!,No open work orders. All clear!,ክፍት የሥራ ትዕዛዝ የለም። ሁሉም ጥሩ ነው!,Ajajni hojii banaan hin jiru. Hundi gaarii dha!,
Stock plugin (tap to test),Stock plugin (tap to test),የስቶክ ፕለጊን (ለመፈተሽ ነካ ያድርጉ),Pilaginii kuusaa (qoruuf tuqi),
Tap to test,Tap to test,ለመፈተሽ ነካ ያድርጉ,Qoruuf tuqi,
Checking…,Checking…,በመፈተሽ ላይ…,Qoraa jira…,
Use at least 6 characters.,Use at least 6 characters.,ቢያንስ 6 ቁምፊዎች ይጠቀሙ።,Yoo xiqqaate arfii 6 fayyadami.,
Passwords do not match.,Passwords do not match.,የይለፍ ቃሎቹ አይመሳሰሉም።,Jechoonni darbaa wal hin fakkaatan.,
Not logged in.,Not logged in.,አልገቡም።,Hin seenne.,
Password updated on the server.,Password updated on the server.,የይለፍ ቃል በሰርቨሩ ላይ ተዘምኗል።,Jechi darbaa sarvarii irratti haaromfameera.,
Discard waiting notes?,Discard waiting notes?,የሚጠብቁ ማስታወሻዎች ይሰረዙ?,Yaadonni eegaa jiran haqamu?,
They have not been sent to the server.,They have not been sent to the server.,ወደ ሰርቨሩ አልተላኩም።,Gara sarvariitti hin ergamne.,
Cache cleared,Cache cleared,ጊዜያዊ ማህደር ጸድቷል,Kuusaan yeroo qulqulleeffameera,
Tickets and assets will be downloaded again.,Work orders and equipment will be downloaded again.,የሥራ ትዕዛዞችና መሣሪያዎች እንደገና ይወርዳሉ።,Ajajawwan hojii fi meeshaaleen irra deebi'anii buufamu.,
Confirm the repair is acceptable and close this work order?,Confirm the repair is acceptable and close this work order?,ጥገናው ተቀባይነት ያለው መሆኑን አረጋግጠው ይህን የሥራ ትዕዛዝ ይዝጉ?,Suphaan ni fudhatama jedhii ajaja hojii kana cufuu?,
Put this work order back on hold so the team can continue?,Put this work order back on hold so the team can continue?,ቡድኑ እንዲቀጥል ይህን የሥራ ትዕዛዝ ወደ «ተይዟል» ይመልሱ?,Garee itti fufsiisuuf ajaja hojii kana gara 'Eegame' deebisi?,
Open the work order on the server to view files.,Open the work order on the server to view files.,ፋይሎችን ለማየት የሥራ ትዕዛዙን በሰርቨሩ ላይ ይክፈቱ።,Faayilii ilaaluuf ajaja hojii sarvarii irratti bani.,
Work order not found,Work order not found,የሥራ ትዕዛዝ አልተገኘም,Ajajni hojii hin argamne,
Work order was not created,Work order was not created,የሥራ ትዕዛዝ አልተፈጠረም,Ajajni hojii hin uumamne,
Created,Created,ተፈጥሯል,Uumameera,
Work order,Work order,የሥራ ትዕዛዝ,Ajaja hojii,
Open,Open,ክፈት,Bani,
Create failed,Create failed,መፍጠር አልተሳካም,Uumuun hin milkoofne,
New work order,New work order,አዲስ የሥራ ትዕዛዝ,Ajaja hojii haaraa,
Work order title,Work order title,የሥራ ትዕዛዝ ርዕስ,Mata duree ajaja hojii,
Short description of the problem,Short description of the problem,የችግሩ አጭር መግለጫ,Ibsa gabaabaa rakkoo,
Work order type,Work order type,የሥራ ትዕዛዝ ዓይነት,Gosa ajaja hojii,
Category,Category,ምድብ,Garee,
Problem description,Problem description,የችግር መግለጫ,Ibsa rakkoo,
"Describe the fault, error code or request","Describe the fault, error code or request",ብልሽቱን፣ የስህተት ኮዱን ወይም ጥያቄውን ይግለጹ,"Dogoggora, koodii dogoggoraa ykn gaaffii ibsi",
Priority,Priority,ቅድሚያ,Dursa,
Equipment status,Equipment status,የመሣሪያ ሁኔታ,Haala meeshaa,
Updates the equipment status on the CMMS when the work order is created,Updates the equipment status on the CMMS when the work order is created,የሥራ ትዕዛዙ ሲፈጠር በ CMMS ላይ የመሣሪያውን ሁኔታ ያዘምናል,Ajajni hojii yeroo uumamu haala meeshaa CMMS irratti haaromsa,
Out of service,Out of service,አገልግሎት የማይሰጥ,Tajaajila hin kennu,
In service,In service,አገልግሎት ላይ,Tajaajila irra,
Create work order,Create work order,የሥራ ትዕዛዝ ፍጠር,Ajaja hojii uumi,
New work order for this equipment,New work order for this equipment,ለዚህ መሣሪያ አዲስ የሥራ ትዕዛዝ,Meeshaa kanaaf ajaja hojii haaraa,
Corrective (breakdown),Corrective (breakdown),የጥገና (ብልሽት),Suphaa (balleessaa),
Preventive / planned,Preventive / planned,የመከላከል / የታቀደ,Ittisa / karoorfame,
